,DATETIME,DATE,HIGH,LOW,OPEN,CLOSE,VOLUME,ADJ CLOSE,UNRATE,DGS10,USREC,CPIAUCSL,OPEN_vix,HIGH_vix,LOW_vix,CLOSE_vix
0,2021-01-04,2021-01-04,3769.989990234375,3662.7099609375,3764.610107421875,3700.64990234375,5015000000,3700.64990234375,,0.93,,,23.04,29.19,22.56,26.97
1,2021-01-05,2021-01-05,3737.830078125,3695.070068359375,3698.02001953125,3726.860107421875,4591020000,3726.860107421875,,0.96,,,26.94,28.6,24.8,25.34
2,2021-01-06,2021-01-06,3783.0400390625,3705.340087890625,3712.199951171875,3748.139892578125,6064110000,3748.139892578125,,1.04,,,25.48,26.77,22.14,25.07
3,2021-01-07,2021-01-07,3811.550048828125,3764.7099609375,3764.7099609375,3803.7900390625,5099160000,3803.7900390625,,1.08,,,23.67,23.91,22.25,22.37
4,2021-01-08,2021-01-08,3826.68994140625,3783.60009765625,3815.050048828125,3824.679931640625,4773040000,3824.679931640625,,1.13,,,22.43,23.34,21.42,21.56
5,2021-01-11,2021-01-11,3817.860107421875,3789.02001953125,3803.139892578125,3799.610107421875,4465430000,3799.610107421875,,1.15,,,23.31,24.81,23.23,24.08
6,2021-01-12,2021-01-12,3810.780029296875,3776.510009765625,3801.6201171875,3801.18994140625,4994950000,3801.18994140625,,1.15,,,23.49,25.15,22.83,23.33
7,2021-01-13,2021-01-13,3820.9599609375,3791.5,3802.22998046875,3809.840087890625,4602510000,3809.840087890625,,1.10,,,23.07,24.18,21.92,22.21
8,2021-01-14,2021-01-14,3823.60009765625,3792.860107421875,3814.97998046875,3795.5400390625,5198480000,3795.5400390625,,1.15,,,22.22,23.47,21.66,23.25
9,2021-01-15,2021-01-15,3788.72998046875,3749.6201171875,3788.72998046875,3768.25,5369820000,3768.25,,1.11,,,23.52,25.8,23.08,24.34
10,2021-01-19,2021-01-19,3804.530029296875,3780.3701171875,3781.8798828125,3798.909912109375,5014440000,3798.909912109375,,1.10,,,23.03,23.56,22.53,23.24
11,2021-01-20,2021-01-20,3859.75,3816.219970703125,3816.219970703125,3851.85009765625,4566190000,3851.85009765625,,1.10,,,22.82,22.86,21.37,21.58
12,2021-01-21,2021-01-21,3861.449951171875,3845.050048828125,3857.4599609375,3853.070068359375,4501760000,3853.070068359375,,1.12,,,21.34,22.22,21.09,21.32
13,2021-01-22,2021-01-22,3852.31005859375,3830.409912109375,3844.239990234375,3841.469970703125,5110890000,3841.469970703125,,1.10,,,22.24,23.73,21.27,21.91
14,2021-01-25,2021-01-25,3859.22998046875,3797.159912109375,3851.679931640625,3855.360107421875,7000840000,3855.360107421875,,1.05,,,22.31,26.63,22.2,23.19
15,2021-01-26,2021-01-26,3870.89990234375,3847.780029296875,3862.9599609375,3849.6201171875,6137500000,3849.6201171875,,1.05,,,23.91,23.94,22.55,23.02
16,2021-01-27,2021-01-27,3836.830078125,3732.47998046875,3836.830078125,3750.77001953125,9976520000,3750.77001953125,,1.04,,,23.82,37.21,23.71,37.21
17,2021-01-28,2021-01-28,3830.5,3755.75,3755.75,3787.3798828125,6992770000,3787.3798828125,,1.07,,,33.25,36.29,27.39,30.21
18,2021-01-29,2021-01-29,3778.050048828125,3694.1201171875,3778.050048828125,3714.239990234375,6643370000,3714.239990234375,,1.11,,,35.16,37.51,29.24,33.09
19,2021-02-01,2021-02-01,3784.320068359375,3725.6201171875,3731.169921875,3773.860107421875,5436230000,3773.860107421875,6.2,1.09,0.0,263.346,31.45,33.96,29.03,30.24
20,2021-02-02,2021-02-02,3843.090087890625,3791.840087890625,3791.840087890625,3826.31005859375,5514090000,3826.31005859375,,1.12,,,28.01,28.08,25.31,25.56
21,2021-02-03,2021-02-03,3847.510009765625,3816.679931640625,3840.27001953125,3830.169921875,4864870000,3830.169921875,,1.15,,,24.59,25.43,22.91,22.91
22,2021-02-04,2021-02-04,3872.419921875,3836.659912109375,3836.659912109375,3871.739990234375,4879240000,3871.739990234375,,1.15,,,23.44,23.44,21.68,21.77
23,2021-02-05,2021-02-05,3894.56005859375,3874.929931640625,3878.300048828125,3886.830078125,4879470000,3886.830078125,,1.19,,,21.99,22.16,20.86,20.87
24,2021-02-08,2021-02-08,3915.77001953125,3892.590087890625,3892.590087890625,3915.590087890625,4648360000,3915.590087890625,,1.19,,,21.89,22.07,21.23,21.24
25,2021-02-09,2021-02-09,3918.35009765625,3902.639892578125,3910.489990234375,3911.22998046875,4568320000,3911.22998046875,,1.18,,,21.57,22.26,20.65,21.63
26,2021-02-10,2021-02-10,3931.5,3884.93994140625,3920.780029296875,3909.8798828125,4837070000,3909.8798828125,,1.15,,,21.64,23.85,19.69,21.99
27,2021-02-11,2021-02-11,3925.989990234375,3890.389892578125,3916.39990234375,3916.3798828125,4590960000,3916.3798828125,,1.16,,,22.09,23.25,21.11,21.25
28,2021-02-12,2021-02-12,3937.22998046875,3905.780029296875,3911.64990234375,3934.830078125,4135060000,3934.830078125,,1.20,,,21.6,22.45,19.95,19.97
29,2021-02-16,2021-02-16,3950.429931640625,3923.85009765625,3939.610107421875,3932.590087890625,5058990000,3932.590087890625,,1.30,,,21.13,22.46,20.88,21.46
30,2021-02-17,2021-02-17,3933.610107421875,3900.429931640625,3918.5,3931.330078125,4730650000,3931.330078125,,1.29,,,22.02,23.44,21.09,21.5
31,2021-02-18,2021-02-18,3921.97998046875,3885.030029296875,3915.860107421875,3913.969970703125,4793650000,3913.969970703125,,1.29,,,21.98,24.23,21.8,22.49
32,2021-02-19,2021-02-19,3930.409912109375,3903.070068359375,3921.159912109375,3906.7099609375,4845320000,3906.7099609375,,1.34,,,23.1,23.19,20.84,22.05
33,2021-02-22,2021-02-22,3902.919921875,3874.7099609375,3885.550048828125,3876.5,5917100000,3876.5,,1.37,,,24.46,25.09,21.96,23.45
34,2021-02-23,2021-02-23,3895.97998046875,3805.590087890625,3857.070068359375,3881.3701171875,6296610000,3881.3701171875,,1.37,,,22.82,27.01,22.5,23.11
35,2021-02-24,2021-02-24,3928.64990234375,3859.60009765625,3873.7099609375,3925.429931640625,6012790000,3925.429931640625,,1.38,,,23.76,25.04,21.31,21.34
36,2021-02-25,2021-02-25,3925.02001953125,3814.0400390625,3915.800048828125,3829.340087890625,6547470000,3829.340087890625,,1.54,,,21.73,31.16,21.52,28.89
37,2021-02-26,2021-02-26,3861.080078125,3789.5400390625,3839.659912109375,3811.14990234375,6526070000,3811.14990234375,,1.44,,,28.73,30.82,25.23,27.95
38,2021-03-01,2021-03-01,3914.5,3842.510009765625,3842.510009765625,3901.820068359375,5114820000,3901.820068359375,6.0,1.45,0.0,265.028,25.2,25.39,23.17,23.35
39,2021-03-02,2021-03-02,3906.409912109375,3868.570068359375,3903.639892578125,3870.2900390625,5536010000,3870.2900390625,,1.42,,,23.58,24.6,22.8,24.1
40,2021-03-03,2021-03-03,3874.469970703125,3818.860107421875,3863.989990234375,3819.719970703125,6173660000,3819.719970703125,,1.47,,,22.8,26.79,22.45,26.67
41,2021-03-04,2021-03-04,3843.669921875,3723.340087890625,3818.530029296875,3768.469970703125,7195400000,3768.469970703125,,1.54,,,26.52,31.9,24.93,28.57
42,2021-03-05,2021-03-05,3851.68994140625,3730.18994140625,3793.580078125,3841.93994140625,6851070000,3841.93994140625,,1.56,,,29.48,30.03,24.33,24.66
43,2021-03-08,2021-03-08,3881.06005859375,3819.25,3844.389892578125,3821.35009765625,5871710000,3821.35009765625,,1.59,,,27.61,28.39,24.07,25.47
44,2021-03-09,2021-03-09,3903.760009765625,3851.929931640625,3851.929931640625,3875.43994140625,5513560000,3875.43994140625,,1.55,,,25.11,25.25,22.9,24.03
45,2021-03-10,2021-03-10,3917.35009765625,3885.72998046875,3891.989990234375,3898.81005859375,5847380000,3898.81005859375,,1.53,,,23.76,23.87,22.38,22.56
46,2021-03-11,2021-03-11,3960.27001953125,3915.5400390625,3915.5400390625,3939.340087890625,5312880000,3939.340087890625,,1.54,,,22.5,22.5,21.45,21.91
47,2021-03-12,2021-03-12,3944.989990234375,3915.2099609375,3924.52001953125,3943.340087890625,4476280000,3943.340087890625,,1.64,,,22.57,22.99,20.63,20.69
48,2021-03-15,2021-03-15,3970.080078125,3923.5400390625,3942.9599609375,3968.93994140625,4900100000,3968.93994140625,,1.62,,,21.84,21.86,19.87,20.03
49,2021-03-16,2021-03-16,3981.0400390625,3953.43994140625,3973.590087890625,3962.7099609375,4613080000,3962.7099609375,,1.62,,,20.14,20.31,19.33,19.79
50,2021-03-17,2021-03-17,3983.8701171875,3935.739990234375,3949.570068359375,3974.1201171875,4561660000,3974.1201171875,,1.63,,,20.1,20.95,19.18,19.23
51,2021-03-18,2021-03-18,3969.6201171875,3910.860107421875,3953.5,3915.4599609375,5118590000,3915.4599609375,,1.71,,,18.95,22.6,18.95,21.58
52,2021-03-19,2021-03-19,3930.1201171875,3886.75,3913.139892578125,3913.10009765625,7757420000,3913.10009765625,,1.74,,,21.43,23.17,19.9,20.95
53,2021-03-22,2021-03-22,3955.31005859375,3914.159912109375,3916.47998046875,3940.590087890625,4316260000,3940.590087890625,,1.69,,,21.91,22.29,18.87,18.88
54,2021-03-23,2021-03-23,3949.1298828125,3901.570068359375,3937.60009765625,3910.52001953125,4669010000,3910.52001953125,,1.63,,,19.46,21.58,18.8,20.3
55,2021-03-24,2021-03-24,3942.080078125,3889.070068359375,3919.929931640625,3889.139892578125,4783020000,3889.139892578125,,1.62,,,20.64,21.49,19.3,21.2
56,2021-03-25,2021-03-25,3919.5400390625,3853.5,3879.340087890625,3909.52001953125,4948340000,3909.52001953125,,1.63,,,20.8,23.55,19.81,19.81
57,2021-03-26,2021-03-26,3978.18994140625,3917.1201171875,3917.1201171875,3974.5400390625,5483160000,3974.5400390625,,1.67,,,19.32,21.49,18.68,18.86
58,2021-03-29,2021-03-29,3981.830078125,3943.25,3969.31005859375,3971.090087890625,4628180000,3971.090087890625,,1.73,,,20.4,21.6,19.42,20.74
59,2021-03-30,2021-03-30,3968.010009765625,3944.35009765625,3963.340087890625,3958.550048828125,4121510000,3958.550048828125,,1.73,,,20.76,21.75,19.47,19.61
60,2021-03-31,2021-03-31,3994.409912109375,3966.97998046875,3967.25,3972.889892578125,4578050000,3972.889892578125,,1.74,,,19.8,20.11,18.85,19.4
61,2021-04-01,2021-04-01,4020.6298828125,3992.780029296875,3992.780029296875,4019.8701171875,4162130000,4019.8701171875,6.0,1.69,0.0,266.727,18.6,18.64,17.29,17.33
62,2021-04-05,2021-04-05,4083.419921875,4034.43994140625,4034.43994140625,4077.909912109375,4005030000,4077.909912109375,,1.73,,,18.16,18.4,17.35,17.91
63,2021-04-06,2021-04-06,4086.22998046875,4068.139892578125,4075.570068359375,4073.93994140625,4081270000,4073.93994140625,,1.67,,,18.07,18.3,17.37,18.12
64,2021-04-07,2021-04-07,4083.1298828125,4068.31005859375,4074.2900390625,4079.949951171875,4120810000,4079.949951171875,,1.68,,,17.99,18.17,16.87,17.16
65,2021-04-08,2021-04-08,4098.18994140625,4082.5400390625,4089.949951171875,4097.169921875,3907100000,4097.169921875,,1.64,,,16.92,17.36,16.55,16.95
66,2021-04-09,2021-04-09,4129.47998046875,4095.510009765625,4096.10986328125,4128.7998046875,3640390000,4128.7998046875,,1.67,,,17.05,17.34,16.2,16.69
67,2021-04-12,2021-04-12,4131.759765625,4114.81982421875,4124.7099609375,4127.990234375,3588900000,4127.990234375,,1.69,,,17.43,17.91,16.81,16.91
68,2021-04-13,2021-04-13,4148.0,4124.43017578125,4130.10009765625,4141.58984375,3734720000,4141.58984375,,1.64,,,16.99,17.86,16.43,16.65
69,2021-04-14,2021-04-14,4151.68994140625,4120.8701171875,4141.580078125,4124.66015625,3985350000,4124.66015625,,1.64,,,16.71,17.69,15.38,16.99
70,2021-04-15,2021-04-15,4173.490234375,4139.759765625,4139.759765625,4170.419921875,4033420000,4170.419921875,,1.56,,,16.78,16.92,15.94,16.57
71,2021-04-16,2021-04-16,4191.31005859375,4170.75,4174.14013671875,4185.47021484375,4163820000,4185.47021484375,,1.59,,,16.65,16.88,16.05,16.25
72,2021-04-19,2021-04-19,4180.81005859375,4150.47021484375,4179.7998046875,4163.259765625,3810290000,4163.259765625,,1.61,,,17.04,18.61,16.78,17.29
73,2021-04-20,2021-04-20,4159.18017578125,4118.3798828125,4159.18017578125,4134.93994140625,4342650000,4134.93994140625,,1.58,,,17.36,19.7,17.24,18.68
74,2021-04-21,2021-04-21,4175.02001953125,4126.35009765625,4128.419921875,4173.419921875,3887250000,4173.419921875,,1.57,,,18.48,19.29,16.91,17.5
75,2021-04-22,2021-04-22,4179.56982421875,4123.68994140625,4170.4599609375,4134.97998046875,4245140000,4134.97998046875,,1.57,,,17.28,19.9,16.99,18.71
76,2021-04-23,2021-04-23,4194.169921875,4138.77978515625,4138.77978515625,4180.169921875,3569880000,4180.169921875,,1.58,,,18.56,18.78,16.8,17.33
77,2021-04-26,2021-04-26,4194.18994140625,4182.35986328125,4185.02978515625,4187.6201171875,3748320000,4187.6201171875,,1.58,,,17.94,18.17,16.87,17.64
78,2021-04-27,2021-04-27,4193.35009765625,4176.22021484375,4188.25,4186.72021484375,3710700000,4186.72021484375,,1.63,,,17.62,18.16,16.97,17.56
79,2021-04-28,2021-04-28,4201.52978515625,4181.77978515625,4185.14013671875,4183.18017578125,3787360000,4183.18017578125,,1.63,,,17.47,17.84,16.67,17.28
80,2021-04-29,2021-04-29,4218.77978515625,4176.81005859375,4206.14013671875,4211.47021484375,4298680000,4211.47021484375,,1.65,,,16.88,18.87,16.77,17.61
81,2021-04-30,2021-04-30,4198.10009765625,4174.85009765625,4198.10009765625,4181.169921875,4300880000,4181.169921875,,1.65,,,17.67,19.25,17.64,18.61
82,2021-05-03,2021-05-03,4209.39013671875,4188.02978515625,4191.97998046875,4192.66015625,4070220000,4192.66015625,,1.63,,,18.65,19.12,17.8,18.31
83,2021-05-04,2021-05-04,4179.0400390625,4128.58984375,4179.0400390625,4164.66015625,4452460000,4164.66015625,,1.61,,,18.16,21.85,18.11,19.48
84,2021-05-05,2021-05-05,4187.72021484375,4160.93994140625,4177.06005859375,4167.58984375,4230920000,4167.58984375,,1.59,,,18.84,19.58,17.89,19.15
85,2021-05-06,2021-05-06,4202.7001953125,4147.330078125,4169.14013671875,4201.6201171875,4511000000,4201.6201171875,,1.58,,,18.41,20.6,18.21,18.39
86,2021-05-07,2021-05-07,4238.0400390625,4201.64013671875,4210.33984375,4232.60009765625,4016080000,4232.60009765625,,1.60,,,18.45,18.57,16.68,16.69
87,2021-05-10,2021-05-10,4236.39013671875,4188.1298828125,4228.2900390625,4188.43017578125,4560700000,4188.43017578125,,1.63,,,17.34,19.75,17.07,19.66
88,2021-05-11,2021-05-11,4162.0400390625,4111.52978515625,4150.33984375,4152.10009765625,4870710000,4152.10009765625,,1.64,,,21.17,23.73,20.71,21.84
89,2021-05-12,2021-05-12,4134.72998046875,4056.8798828125,4130.5498046875,4063.0400390625,4733070000,4063.0400390625,,1.69,,,22.42,28.38,21.66,27.59
90,2021-05-13,2021-05-13,4131.580078125,4074.989990234375,4074.989990234375,4112.5,4779540000,4112.5,,1.66,,,26.03,28.93,22.23,23.13
91,2021-05-14,2021-05-14,4183.1298828125,4129.580078125,4129.580078125,4173.85009765625,4008880000,4173.85009765625,,1.63,,,21.77,22.1,18.66,18.81
92,2021-05-17,2021-05-17,4171.919921875,4142.68994140625,4169.919921875,4163.2900390625,4125050000,4163.2900390625,,1.64,,,19.89,21.58,19.67,19.72
93,2021-05-18,2021-05-18,4169.14990234375,4125.990234375,4165.93994140625,4127.830078125,4398150000,4127.830078125,,1.64,,,18.89,21.45,18.81,21.34
94,2021-05-19,2021-05-19,4116.93017578125,4061.409912109375,4098.4501953125,4115.68017578125,4247450000,4115.68017578125,,1.68,,,22.46,25.96,21.88,22.18
95,2021-05-20,2021-05-20,4172.7998046875,4121.97021484375,4121.97021484375,4159.1201171875,3978880000,4159.1201171875,,1.63,,,22.33,23.5,20.19,20.67
96,2021-05-21,2021-05-21,4188.72021484375,4151.72021484375,4168.60986328125,4155.85986328125,3995250000,4155.85986328125,,1.63,,,20.42,20.89,19.53,20.15
97,2021-05-24,2021-05-24,4209.52001953125,4170.16015625,4170.16015625,4197.0498046875,3684800000,4197.0498046875,,1.61,,,20.5,20.51,18.38,18.4
98,2021-05-25,2021-05-25,4213.419921875,4182.52001953125,4205.93994140625,4188.1298828125,4182250000,4188.1298828125,,1.56,,,18.35,19.29,16.87,18.84
99,2021-05-26,2021-05-26,4202.60986328125,4184.10986328125,4191.58984375,4195.990234375,4420890000,4195.990234375,,1.58,,,18.37,18.92,17.35,17.36
100,2021-05-27,2021-05-27,4213.3798828125,4197.77978515625,4201.93994140625,4200.8798828125,6406310000,4200.8798828125,,1.61,,,18.03,18.17,16.52,16.74
101,2021-05-28,2021-05-28,4218.35986328125,4203.56982421875,4210.77001953125,4204.10986328125,4649250000,4204.10986328125,,1.58,,,16.8,16.86,15.9,16.76
102,2021-06-01,2021-06-01,4234.1201171875,4197.58984375,4216.52001953125,4202.0400390625,5074670000,4202.0400390625,5.9,1.62,0.0,270.955,17.24,18.53,15.68,17.9
103,2021-06-02,2021-06-02,4217.3701171875,4198.27001953125,4206.81982421875,4208.1201171875,5833670000,4208.1201171875,,1.59,,,17.86,18.31,16.74,17.48
104,2021-06-03,2021-06-03,4204.39013671875,4167.93017578125,4191.43017578125,4192.85009765625,5587970000,4192.85009765625,,1.63,,,17.73,19.27,17.45,18.04
105,2021-06-04,2021-06-04,4233.4501953125,4206.0498046875,4206.0498046875,4229.89013671875,4139790000,4229.89013671875,,1.56,,,18.09,18.42,16.18,16.42
106,2021-06-07,2021-06-07,4232.33984375,4215.66015625,4229.33984375,4226.52001953125,4476920000,4226.52001953125,,1.57,,,17.34,17.35,15.78,16.42
107,2021-06-08,2021-06-08,4236.740234375,4208.41015625,4233.81005859375,4227.259765625,4659620000,4227.259765625,,1.53,,,16.58,17.75,15.15,17.07
108,2021-06-09,2021-06-09,4237.08984375,4218.740234375,4232.990234375,4219.5498046875,4713260000,4219.5498046875,,1.50,,,17.18,17.96,15.55,17.89
109,2021-06-10,2021-06-10,4249.740234375,4220.33984375,4228.56005859375,4239.18017578125,4408210000,4239.18017578125,,1.45,,,18.18,18.29,16.01,16.1
110,2021-06-11,2021-06-11,4248.3798828125,4232.25,4242.89990234375,4247.43994140625,3815010000,4247.43994140625,,1.47,,,16.18,16.2,15.15,15.65
111,2021-06-14,2021-06-14,4255.58984375,4234.06982421875,4248.31005859375,4255.14990234375,4151200000,4255.14990234375,,1.51,,,16.04,17.04,15.04,16.39
112,2021-06-15,2021-06-15,4257.16015625,4238.35009765625,4255.27978515625,4246.58984375,4048940000,4246.58984375,,1.51,,,16.27,17.35,16.14,17.02
113,2021-06-16,2021-06-16,4251.89013671875,4202.4501953125,4248.8701171875,4223.7001953125,4538350000,4223.7001953125,,1.57,,,16.99,19.11,16.42,18.15
114,2021-06-17,2021-06-17,4232.2900390625,4196.0498046875,4220.3701171875,4221.85986328125,5312680000,4221.85986328125,,1.52,,,18.49,19.22,16.71,17.75
115,2021-06-18,2021-06-18,4204.77978515625,4164.39990234375,4204.77978515625,4166.4501953125,6817010000,4166.4501953125,,1.45,,,16.96,21.04,16.92,20.7
116,2021-06-21,2021-06-21,4226.240234375,4173.39990234375,4173.39990234375,4224.7900390625,4128950000,4224.7900390625,,1.50,,,21.74,21.82,17.81,17.89
117,2021-06-22,2021-06-22,4255.83984375,4217.27001953125,4224.60986328125,4246.43994140625,3828390000,4246.43994140625,,1.48,,,17.91,18.32,15.76,16.66
118,2021-06-23,2021-06-23,4256.60009765625,4241.43017578125,4249.27001953125,4241.83984375,3730350000,4241.83984375,,1.50,,,16.25,16.84,14.86,16.32
119,2021-06-24,2021-06-24,4271.27978515625,4256.97021484375,4256.97021484375,4266.490234375,3816660000,4266.490234375,,1.49,,,15.99,16.05,14.19,15.97
120,2021-06-25,2021-06-25,4286.1201171875,4271.16015625,4274.4501953125,4280.7001953125,7341450000,4280.7001953125,,1.54,,,16.04,16.17,15.21,15.62
121,2021-06-28,2021-06-28,4292.14013671875,4274.669921875,4284.89990234375,4290.60986328125,4147890000,4290.60986328125,,1.49,,,16.07,16.46,15.39,15.76
122,2021-06-29,2021-06-29,4300.52001953125,4287.0400390625,4293.2099609375,4291.7998046875,3707150000,4291.7998046875,,1.49,,,15.69,16.31,14.1,16.02
123,2021-06-30,2021-06-30,4302.43017578125,4287.9599609375,4290.64990234375,4297.5,4266040000,4297.5,,1.45,,,16.18,17.31,15.58,15.83
124,2021-07-01,2021-07-01,4320.66015625,4300.72998046875,4300.72998046875,4319.93994140625,3788230000,4319.93994140625,5.4,1.48,0.0,272.184,15.62,16.01,15.31,15.48
125,2021-07-02,2021-07-02,4355.43017578125,4326.60009765625,4326.60009765625,4352.33984375,3225840000,4352.33984375,,1.44,,,15.53,15.54,14.25,15.07
126,2021-07-06,2021-07-06,4356.4599609375,4314.3701171875,4356.4599609375,4343.5400390625,4309570000,4343.5400390625,,1.37,,,15.77,17.94,15.73,16.44
127,2021-07-07,2021-07-07,4361.8798828125,4329.7900390625,4351.009765625,4358.1298828125,4037380000,4358.1298828125,,1.33,,,16.43,17.64,16.08,16.2
128,2021-07-08,2021-07-08,4330.8798828125,4289.3701171875,4321.06982421875,4320.81982421875,4347500000,4320.81982421875,,1.30,,,17.74,21.29,17.74,19.0
129,2021-07-09,2021-07-09,4371.60009765625,4329.3798828125,4329.3798828125,4369.5498046875,3531120000,4369.5498046875,,1.37,,,17.88,18.13,16.08,16.18
130,2021-07-12,2021-07-12,4386.68017578125,4364.02978515625,4372.41015625,4384.6298828125,3384460000,4384.6298828125,,1.38,,,16.85,17.52,16.14,16.17
131,2021-07-13,2021-07-13,4392.3701171875,4366.919921875,4381.06982421875,4369.2099609375,3695430000,4369.2099609375,,1.42,,,16.39,17.23,15.94,17.12
132,2021-07-14,2021-07-14,4393.68017578125,4362.35986328125,4380.10986328125,4374.2998046875,4006370000,4374.2998046875,,1.37,,,17.34,17.51,15.95,16.33
133,2021-07-15,2021-07-15,4369.02001953125,4340.7001953125,4369.02001953125,4360.02978515625,3905230000,4360.02978515625,,1.31,,,16.7,18.09,16.56,17.01
134,2021-07-16,2021-07-16,4375.08984375,4322.52978515625,4367.43017578125,4327.16015625,3985700000,4327.16015625,,1.31,,,16.8,18.7,16.03,18.45
135,2021-07-19,2021-07-19,4296.39990234375,4233.1298828125,4296.39990234375,4258.490234375,5157660000,4258.490234375,,1.19,,,19.61,25.09,19.27,22.5
136,2021-07-20,2021-07-20,4336.83984375,4262.0498046875,4265.10986328125,4323.06005859375,4438270000,4323.06005859375,,1.23,,,20.89,22.97,19.37,19.73
137,2021-07-21,2021-07-21,4359.7001953125,4331.1298828125,4331.1298828125,4358.68994140625,3810280000,4358.68994140625,,1.30,,,19.73,19.82,17.81,17.91
138,2021-07-22,2021-07-22,4369.8701171875,4350.06005859375,4361.27001953125,4367.47998046875,3358300000,4367.47998046875,,1.27,,,17.59,18.45,17.4,17.69
139,2021-07-23,2021-07-23,4415.18017578125,4381.2001953125,4381.2001953125,4411.7900390625,4540070000,4411.7900390625,,1.30,,,16.98,17.48,16.33,17.2
140,2021-07-26,2021-07-26,4422.72998046875,4405.4501953125,4409.580078125,4422.2998046875,4275630000,4422.2998046875,,1.29,,,18.67,19.39,17.53,17.58
141,2021-07-27,2021-07-27,4416.3798828125,4372.509765625,4416.3798828125,4401.4599609375,4241950000,4401.4599609375,,1.25,,,18.62,20.44,18.25,19.36
142,2021-07-28,2021-07-28,4415.47021484375,4387.009765625,4402.9501953125,4400.64013671875,4215290000,4400.64013671875,,1.26,,,19.41,19.62,17.52,18.31
143,2021-07-29,2021-07-29,4429.97021484375,4403.58984375,4403.58984375,4419.14990234375,4044600000,4419.14990234375,,1.28,,,17.91,18.01,17.19,17.7
144,2021-07-30,2021-07-30,4412.25,4389.64990234375,4395.1201171875,4395.259765625,3956740000,4395.259765625,,1.24,,,19.69,19.72,17.53,18.24
145,2021-08-02,2021-08-02,4422.18017578125,4384.81005859375,4406.85986328125,4387.16015625,3724090000,4387.16015625,,1.20,,,18.16,19.87,17.99,19.46
146,2021-08-03,2021-08-03,4423.7900390625,4373.0,4392.740234375,4423.14990234375,3965190000,4423.14990234375,,1.19,,,19.17,20.44,17.7,18.04
147,2021-08-04,2021-08-04,4416.169921875,4400.22998046875,4415.9501953125,4402.66015625,4260760000,4402.66015625,,1.19,,,18.23,18.9,17.67,17.97
148,2021-08-05,2021-08-05,4429.759765625,4408.85986328125,4408.85986328125,4429.10009765625,3769410000,4429.10009765625,,1.23,,,17.73,17.84,17.23,17.28
149,2021-08-06,2021-08-06,4440.81982421875,4429.06982421875,4429.06982421875,4436.52001953125,3451870000,4436.52001953125,,1.31,,,17.46,17.5,16.14,16.15
150,2021-08-09,2021-08-09,4439.39013671875,4424.740234375,4437.77001953125,4432.35009765625,3449280000,4432.35009765625,,1.33,,,17.12,17.39,16.59,16.72
151,2021-08-10,2021-08-10,4445.2099609375,4430.02978515625,4435.7900390625,4436.75,3886610000,4436.75,,1.36,,,16.82,17.05,16.34,16.79
152,2021-08-11,2021-08-11,4449.43994140625,4436.419921875,4442.18017578125,4442.41015625,3532560000,4442.41015625,,1.35,,,16.81,17.09,15.87,16.06
153,2021-08-12,2021-08-12,4461.77001953125,4435.9599609375,4446.080078125,4460.830078125,3375310000,4460.830078125,,1.36,,,16.33,16.42,15.49,15.59
154,2021-08-13,2021-08-13,4468.3701171875,4460.81982421875,4464.83984375,4468.0,3016470000,4468.0,,1.29,,,15.68,15.72,15.19,15.45
155,2021-08-16,2021-08-16,4480.259765625,4437.66015625,4461.64990234375,4479.7099609375,3370640000,4479.7099609375,,1.26,,,17.05,17.71,16.02,16.12
156,2021-08-17,2021-08-17,4462.1201171875,4417.830078125,4462.1201171875,4448.080078125,3836960000,4448.080078125,,1.26,,,17.31,19.56,16.71,17.91
157,2021-08-18,2021-08-18,4454.31982421875,4397.58984375,4440.93994140625,4400.27001953125,3755590000,4400.27001953125,,1.27,,,17.56,21.64,17.31,21.57
158,2021-08-19,2021-08-19,4418.60986328125,4367.72998046875,4382.43994140625,4405.7998046875,4398410000,4405.7998046875,,1.24,,,23.12,24.74,20.37,21.67
159,2021-08-20,2021-08-20,4444.35009765625,4406.7998046875,4410.56005859375,4441.669921875,3652610000,4441.669921875,,1.26,,,22.74,23.9,18.18,18.56
160,2021-08-23,2021-08-23,4489.8798828125,4450.2900390625,4450.2900390625,4479.52978515625,3576530000,4479.52978515625,,1.25,,,18.83,18.95,16.95,17.15
161,2021-08-24,2021-08-24,4492.81005859375,4482.27978515625,4484.39990234375,4486.22998046875,3979220000,4486.22998046875,,1.29,,,16.96,17.51,16.94,17.22
162,2021-08-25,2021-08-25,4501.7099609375,4485.66015625,4490.4501953125,4496.18994140625,3444700000,4496.18994140625,,1.35,,,17.42,17.5,16.46,16.79
163,2021-08-26,2021-08-26,4495.89990234375,4468.990234375,4493.75,4470.0,3263980000,4470.0,,1.34,,,17.46,19.27,17.16,18.84
164,2021-08-27,2021-08-27,4513.330078125,4474.10009765625,4474.10009765625,4509.3701171875,3331200000,4509.3701171875,,1.31,,,17.95,18.22,16.11,16.39
165,2021-08-30,2021-08-30,4537.35986328125,4513.759765625,4513.759765625,4528.7900390625,3168660000,4528.7900390625,,1.29,,,16.77,16.8,15.98,16.19
166,2021-08-31,2021-08-31,4531.39013671875,4515.7998046875,4529.75,4522.68017578125,4290710000,4522.68017578125,,1.30,,,15.98,17.07,15.91,16.48
167,2021-09-01,2021-09-01,4537.10986328125,4522.02001953125,4528.7998046875,4524.08984375,4057340000,4524.08984375,4.7,1.31,0.0,274.214,16.06,16.71,15.68,16.11
168,2021-09-02,2021-09-02,4545.85009765625,4524.66015625,4534.47998046875,4536.9501953125,3735990000,4536.9501953125,,1.29,,,16.27,16.98,15.73,16.41
169,2021-09-03,2021-09-03,4541.4501953125,4521.2998046875,4532.419921875,4535.43017578125,3217530000,4535.43017578125,,1.33,,,16.27,17.06,16.08,16.41
170,2021-09-07,2021-09-07,4535.3798828125,4513.0,4535.3798828125,4520.02978515625,3822960000,4520.02978515625,,1.38,,,16.94,18.39,16.89,18.14
171,2021-09-08,2021-09-08,4521.7900390625,4493.9501953125,4518.08984375,4514.06982421875,3750880000,4514.06982421875,,1.35,,,18.97,19.64,17.78,17.96
172,2021-09-09,2021-09-09,4529.89990234375,4492.06982421875,4513.02001953125,4493.27978515625,3735390000,4493.27978515625,,1.30,,,19.44,19.54,17.17,18.8
173,2021-09-10,2021-09-10,4520.47021484375,4457.66015625,4506.919921875,4458.580078125,3623180000,4458.580078125,,1.35,,,17.94,21.13,16.99,20.95
174,2021-09-13,2021-09-13,4492.990234375,4445.7001953125,4474.81005859375,4468.72998046875,3914220000,4468.72998046875,,1.33,,,19.64,21.18,18.76,19.37
175,2021-09-14,2021-09-14,4485.68017578125,4435.4599609375,4479.330078125,4443.0498046875,3670460000,4443.0498046875,,1.28,,,19.58,20.47,18.39,19.46
176,2021-09-15,2021-09-15,4486.8701171875,4438.3701171875,4447.490234375,4480.7001953125,4032020000,4480.7001953125,,1.31,,,19.3,20.27,18.01,18.18
177,2021-09-16,2021-09-16,4485.8701171875,4443.7998046875,4477.08984375,4473.75,3984560000,4473.75,,1.34,,,18.41,19.76,17.65,18.69
178,2021-09-17,2021-09-17,4471.52001953125,4427.759765625,4469.740234375,4432.990234375,7289530000,4432.990234375,,1.37,,,18.37,21.51,18.35,20.81
179,2021-09-20,2021-09-20,4402.9501953125,4305.91015625,4402.9501953125,4357.72998046875,4898070000,4357.72998046875,,1.31,,,24.25,28.79,23.9,25.71
180,2021-09-21,2021-09-21,4394.8701171875,4347.9599609375,4374.4501953125,4354.18994140625,3920920000,4354.18994140625,,1.33,,,23.41,25.6,21.71,24.36
181,2021-09-22,2021-09-22,4416.75,4367.43017578125,4367.43017578125,4395.64013671875,3939170000,4395.64013671875,,1.32,,,22.72,23.4,20.75,20.87
182,2021-09-23,2021-09-23,4465.39990234375,4406.75,4406.75,4448.97998046875,3916350000,4448.97998046875,,1.41,,,19.91,20.21,18.42,18.63
183,2021-09-24,2021-09-24,4463.1201171875,4430.27001953125,4438.0400390625,4455.47998046875,3384290000,4455.47998046875,,1.47,,,19.33,20.41,17.63,17.75
184,2021-09-27,2021-09-27,4457.2998046875,4436.18994140625,4442.1201171875,4443.10986328125,4058650000,4443.10986328125,,1.48,,,17.78,19.32,17.74,18.76
185,2021-09-28,2021-09-28,4419.5400390625,4346.330078125,4419.5400390625,4352.6298828125,4416550000,4352.6298828125,,1.54,,,19.74,24.82,19.71,23.25
186,2021-09-29,2021-09-29,4385.56982421875,4355.080078125,4362.41015625,4359.4599609375,3712660000,4359.4599609375,,1.55,,,22.07,23.79,21.45,22.56
187,2021-09-30,2021-09-30,4382.5498046875,4306.240234375,4370.669921875,4307.5400390625,4448140000,4307.5400390625,,1.52,,,21.48,24.71,20.6,23.14
188,2021-10-01,2021-10-01,4375.18994140625,4288.52001953125,4317.16015625,4357.0400390625,4010370000,4357.0400390625,4.6,1.48,0.0,276.59,24.78,24.89,20.64,21.15
189,2021-10-04,2021-10-04,4355.509765625,4278.93994140625,4348.83984375,4300.4599609375,4307870000,4300.4599609375,,1.49,,,22.9,24.58,21.88,22.96
190,2021-10-05,2021-10-05,4369.22998046875,4309.8701171875,4309.8701171875,4345.72021484375,3902890000,4345.72021484375,,1.54,,,22.92,23.17,20.62,21.3
191,2021-10-06,2021-10-06,4365.56982421875,4290.490234375,4319.56982421875,4363.5498046875,4009630000,4363.5498046875,,1.53,,,22.95,24.4,20.99,21.0
192,2021-10-07,2021-10-07,4429.97021484375,4383.72998046875,4383.72998046875,4399.759765625,3843740000,4399.759765625,,1.58,,,20.54,20.76,19.07,19.54
193,2021-10-08,2021-10-08,4412.02001953125,4386.22021484375,4406.509765625,4391.33984375,3280160000,4391.33984375,,1.61,,,19.46,19.94,18.2,18.77
194,2021-10-11,2021-10-11,4415.8798828125,4360.58984375,4385.43994140625,4361.18994140625,3281970000,4361.18994140625,,.,,,19.93,20.45,18.11,20.0
195,2021-10-12,2021-10-12,4374.89013671875,4342.08984375,4368.31005859375,4350.64990234375,3558450000,4350.64990234375,,1.59,,,20.62,20.81,18.97,19.85
196,2021-10-13,2021-10-13,4372.8701171875,4329.919921875,4358.009765625,4363.7998046875,3620070000,4363.7998046875,,1.56,,,20.14,20.23,18.44,18.64
197,2021-10-14,2021-10-14,4439.72998046875,4386.75,4386.75,4438.259765625,3598280000,4438.259765625,,1.52,,,18.01,18.08,16.8,16.86
198,2021-10-15,2021-10-15,4475.81982421875,4447.68994140625,4447.68994140625,4471.3701171875,3819380000,4471.3701171875,,1.59,,,16.64,16.85,15.72,16.3
199,2021-10-18,2021-10-18,4488.75,4447.47021484375,4463.72021484375,4486.4599609375,3662010000,4486.4599609375,,1.59,,,17.29,17.93,16.27,16.31
200,2021-10-19,2021-10-19,4520.39990234375,4496.41015625,4497.33984375,4519.6298828125,3459130000,4519.6298828125,,1.65,,,16.09,16.31,15.57,15.7
201,2021-10-20,2021-10-20,4540.8701171875,4524.39990234375,4524.419921875,4536.18994140625,3670760000,4536.18994140625,,1.65,,,15.82,15.89,15.29,15.49
202,2021-10-21,2021-10-21,4551.43994140625,4526.89013671875,4532.240234375,4549.77978515625,3822330000,4549.77978515625,,1.68,,,16.06,16.11,14.92,15.01
203,2021-10-22,2021-10-22,4559.669921875,4524.0,4546.1201171875,4544.89990234375,3758220000,4544.89990234375,,1.66,,,15.35,16.39,14.84,15.43
204,2021-10-25,2021-10-25,4572.6201171875,4537.35986328125,4553.68994140625,4566.47998046875,3899400000,4566.47998046875,,1.64,,,16.14,16.33,15.1,15.24
205,2021-10-26,2021-10-26,4598.52978515625,4569.169921875,4578.68994140625,4574.7900390625,3879740000,4574.7900390625,,1.63,,,15.02,16.71,14.9,15.98
206,2021-10-27,2021-10-27,4584.56982421875,4551.66015625,4580.22021484375,4551.68017578125,4226050000,4551.68017578125,,1.54,,,15.79,17.29,15.54,16.98
207,2021-10-28,2021-10-28,4597.5498046875,4562.83984375,4562.83984375,4596.419921875,4132950000,4596.419921875,,1.57,,,17.06,17.16,16.23,16.53
208,2021-10-29,2021-10-29,4608.080078125,4567.58984375,4572.8701171875,4605.3798828125,4510200000,4605.3798828125,,1.55,,,17.4,18.06,16.13,16.26
209,2021-11-01,2021-11-01,4620.33984375,4595.06005859375,4610.6201171875,4613.669921875,3971540000,4613.669921875,4.2,1.58,0.0,278.524,16.85,17.7,16.32,16.41
210,2021-11-02,2021-11-02,4635.14990234375,4613.33984375,4613.33984375,4630.64990234375,3975250000,4630.64990234375,,1.56,,,16.54,16.65,15.89,16.03
211,2021-11-03,2021-11-03,4663.4599609375,4621.18994140625,4630.64990234375,4660.56982421875,4319660000,4660.56982421875,,1.60,,,16.11,16.39,14.9,15.1
212,2021-11-04,2021-11-04,4683.0,4662.58984375,4662.93017578125,4680.06005859375,4462300000,4680.06005859375,,1.53,,,15.06,16.14,14.73,15.44
213,2021-11-05,2021-11-05,4718.5,4681.31982421875,4699.259765625,4697.52978515625,4467180000,4697.52978515625,,1.45,,,15.59,17.02,14.95,16.48
214,2021-11-08,2021-11-08,4714.919921875,4694.39013671875,4701.47998046875,4701.7001953125,4269710000,4701.7001953125,,1.51,,,17.23,17.69,16.44,17.22
215,2021-11-09,2021-11-09,4708.52978515625,4670.8701171875,4707.25,4685.25,4117080000,4685.25,,1.46,,,17.43,18.57,17.21,17.78
216,2021-11-10,2021-11-10,4684.85009765625,4630.85986328125,4670.259765625,4646.7099609375,4503720000,4646.7099609375,,1.56,,,17.74,19.9,17.22,18.73
217,2021-11-11,2021-11-11,4664.5498046875,4648.31005859375,4659.39013671875,4649.27001953125,3926870000,4649.27001953125,,.,,,18.34,18.39,17.27,17.66
218,2021-11-12,2021-11-12,4688.47021484375,4650.77001953125,4655.240234375,4682.85009765625,3728600000,4682.85009765625,,1.58,,,17.49,17.69,16.15,16.29
219,2021-11-15,2021-11-15,4697.419921875,4672.85986328125,4689.2998046875,4682.7998046875,3488410000,4682.7998046875,,1.63,,,17.03,17.46,16.49,16.49
220,2021-11-16,2021-11-16,4714.9501953125,4679.419921875,4679.419921875,4700.89990234375,3972640000,4700.89990234375,,1.63,,,16.86,17.08,16.03,16.37
221,2021-11-17,2021-11-17,4701.5,4684.41015625,4701.5,4688.669921875,3969070000,4688.669921875,,1.60,,,16.36,17.19,16.28,17.11
222,2021-11-18,2021-11-18,4708.7998046875,4672.77978515625,4700.72021484375,4704.5400390625,4226410000,4704.5400390625,,1.59,,,16.81,18.15,16.38,17.59
223,2021-11-19,2021-11-19,4717.75,4694.22021484375,4708.43994140625,4697.9599609375,4253180000,4697.9599609375,,1.54,,,17.36,19.01,17.23,17.91
224,2021-11-22,2021-11-22,4743.830078125,4682.169921875,4712.0,4682.93994140625,4441100000,4682.93994140625,,1.63,,,18.2,19.59,17.35,19.17
225,2021-11-23,2021-11-23,4699.39013671875,4652.66015625,4678.47998046875,4690.7001953125,4277590000,4690.7001953125,,1.67,,,20.24,20.91,19.03,19.38
226,2021-11-24,2021-11-24,4702.8701171875,4659.89013671875,4675.77978515625,4701.4599609375,3418430000,4701.4599609375,,1.64,,,19.17,20.96,18.52,18.58
227,2021-11-26,2021-11-26,4664.6298828125,4585.43017578125,4664.6298828125,4594.6201171875,3517700000,4594.6201171875,,1.48,,,26.62,28.99,23.88,28.62
228,2021-11-29,2021-11-29,4672.9501953125,4625.259765625,4628.75,4655.27001953125,4336410000,4655.27001953125,,1.52,,,25.31,25.69,21.71,22.96
229,2021-11-30,2021-11-30,4646.02001953125,4560.0,4640.25,4567.0,6625990000,4567.0,,1.43,,,26.23,28.56,23.71,27.19
230,2021-12-01,2021-12-01,4652.93994140625,4510.27001953125,4602.81982421875,4513.0400390625,5366730000,4513.0400390625,3.9,1.43,0.0,280.126,24.92,32.61,22.38,31.12
231,2021-12-02,2021-12-02,4595.4599609375,4504.72998046875,4504.72998046875,4577.10009765625,5077180000,4577.10009765625,,1.44,,,29.44,30.68,27.15,27.95
232,2021-12-03,2021-12-03,4608.02978515625,4495.1201171875,4589.490234375,4538.43017578125,5240070000,4538.43017578125,,1.35,,,26.95,35.32,25.89,30.67
233,2021-12-06,2021-12-06,4612.60009765625,4540.509765625,4548.3701171875,4591.669921875,4770800000,4591.669921875,,1.43,,,28.99,30.82,26.75,27.18
234,2021-12-07,2021-12-07,4694.0400390625,4631.97021484375,4631.97021484375,4686.75,4492400000,4686.75,,1.48,,,24.58,24.69,21.58,21.89
235,2021-12-08,2021-12-08,4705.06005859375,4674.52001953125,4690.85986328125,4701.2099609375,4234600000,4701.2099609375,,1.52,,,21.74,23.11,19.85,19.9
236,2021-12-09,2021-12-09,4695.259765625,4665.97998046875,4691.0,4667.4501953125,3903840000,4667.4501953125,,1.49,,,20.31,22.12,19.94,21.58
237,2021-12-10,2021-12-10,4713.56982421875,4670.240234375,4687.64013671875,4712.02001953125,3870110000,4712.02001953125,,1.48,,,21.27,21.3,18.69,18.69
238,2021-12-13,2021-12-13,4710.2998046875,4667.60009765625,4710.2998046875,4668.97021484375,4397230000,4668.97021484375,,1.42,,,19.29,21.18,18.96,20.31
239,2021-12-14,2021-12-14,4660.47021484375,4606.52001953125,4642.990234375,4634.08984375,4485430000,4634.08984375,,1.44,,,19.67,23.0,19.67,21.89
240,2021-12-15,2021-12-15,4712.60009765625,4611.22021484375,4636.4599609375,4709.85009765625,4910130000,4709.85009765625,,1.47,,,21.6,23.47,19.02,19.29
241,2021-12-16,2021-12-16,4731.990234375,4651.89013671875,4719.1298828125,4668.669921875,4829500000,4668.669921875,,1.44,,,18.56,22.13,18.19,20.57
242,2021-12-17,2021-12-17,4666.7001953125,4600.22021484375,4652.5,4620.64013671875,7987090000,4620.64013671875,,1.41,,,20.7,23.26,20.49,21.57
243,2021-12-20,2021-12-20,4587.89990234375,4531.10009765625,4587.89990234375,4568.02001953125,4635700000,4568.02001953125,,1.43,,,25.89,27.39,22.85,22.87
244,2021-12-21,2021-12-21,4651.14013671875,4583.16015625,4594.9599609375,4649.22998046875,4072430000,4649.22998046875,,1.48,,,22.28,22.68,20.9,21.01
245,2021-12-22,2021-12-22,4697.669921875,4645.52978515625,4650.35986328125,4696.56005859375,3319610000,4696.56005859375,,1.46,,,21.04,21.36,18.59,18.63
246,2021-12-23,2021-12-23,4740.740234375,4703.9599609375,4703.9599609375,4725.7900390625,2913040000,4725.7900390625,,1.50,,,18.81,18.93,17.62,17.96
247,2021-12-27,2021-12-27,4791.490234375,4733.990234375,4733.990234375,4791.18994140625,2770290000,4791.18994140625,,1.48,,,19.37,19.41,17.55,17.68
248,2021-12-28,2021-12-28,4807.02001953125,4780.0400390625,4795.490234375,4786.35009765625,2707920000,4786.35009765625,,1.49,,,17.78,18.47,17.51,17.54
249,2021-12-29,2021-12-29,4804.06005859375,4778.080078125,4788.64013671875,4793.06005859375,2963310000,4793.06005859375,,1.55,,,17.63,18.0,16.71,16.95
250,2021-12-30,2021-12-30,4808.93017578125,4775.330078125,4794.22998046875,4778.72998046875,3124950000,4778.72998046875,,1.52,,,17.3,17.79,16.62,17.33
251,2021-12-31,2021-12-31,4786.830078125,4765.75,4775.2099609375,4766.18017578125,2677820000,4766.18017578125,,1.52,,,17.63,18.27,16.99,17.22
